Success (%),,,,
amplitude,A,B,C,D
0,45,56.66666667,15,5
0.05,53.33333333,75,40,31.66666667
0.1,25,48.33333333,28.33333333,3.333333333
0.15,11.66666667,16.66666667,1.666666667,0
,,,,
,,,,
,,,,
,,,,
,,,,
T/tau,,,,
amplitude,A,B,C,D
0,2.742354486,2.600891309,3.116861166,2.358294895
0.05,2.598834678,2.668776905,2.653109265,2.038484219
0.1,2.466962673,3.016474235,3.633892148,2.585198754
0.15,2.084874919,2.671285437,3.29544109,0
